<?xml version="1.0" encoding="UTF-8"?>
<csn:CSNSvar schemaVersion="1.0" 
             xmlns:csn="http://schema.csn.se/kommunfraga" 
             xmlns:sbn="http://www.sambruk.se/SBNyttomeddelanden" 
             xmlns:xsi="http://www.w3.org/2001/XMLSchema-instance" 
             xmlns:csnper="http://schema.csn.se/person" 
             xmlns:csntyp="http://schema.csn.se/csntyper"
             xmlns:csnsm="http://schema.csn.se/studiemedel">

        <csn:Person Status="          " sekretess="  " personnummer="9999999999" sekel="19">
            <csnper:Studiemedel>
                <csnper:Arenden>
                    <csnper:Arende lopnummer="14">
                        <csnsm:stodform>GRUND</csnsm:stodform>
                        <csnsm:klartext>Studiemedel för studier i Sverige</csnsm:klartext>
                        <csnsm:status>BESLUTAD</csnsm:status>
                        <csnsm:relarende>0</csnsm:relarende>
                        <csnsm:soktaTider>
                            <csnsm:soktTid>
                                <csntyp:soktfrom>20090831</csntyp:soktfrom>
                                <csntyp:sokttom>20100116</csntyp:sokttom>
                                <csntyp:soktomfattning>100</csntyp:soktomfattning>
                            </csnsm:soktTid>
                            <csnsm:soktTid>
                                <csntyp:soktfrom>20100118</csntyp:soktfrom>
                                <csntyp:sokttom>20100605</csntyp:sokttom>
                                <csntyp:soktomfattning>100</csntyp:soktomfattning>
                            </csnsm:soktTid>
                        </csnsm:soktaTider>
                        <csnsm:BeviljadeTider>
                            <csnsm:BeviljadTid>
                                <csntyp:starttid>200936</csntyp:starttid>
                                <csntyp:sluttid>200953</csntyp:sluttid>
                                <csntyp:takt>100</csntyp:takt>
                                <csntyp:gr_takt>0</csntyp:gr_takt>
                                <csntyp:Beloppen>
                                    <csntyp:Belopp>
                                        <csntyp:beloppstyp>GRUNDB</csntyp:beloppstyp>
                                        <csntyp:klartext>Bidrag</csntyp:klartext>
                                        <csntyp:belopp>671</csntyp:belopp>
                                        <csntyp:totbelopp>12078</csntyp:totbelopp>
                                    </csntyp:Belopp>
                                    <csntyp:Belopp>
                                        <csntyp:beloppstyp>GRUNDL</csntyp:beloppstyp>
                                        <csntyp:klartext>Lån</csntyp:klartext>
                                        <csntyp:belopp>1284</csntyp:belopp>
                                        <csntyp:totbelopp>23112</csntyp:totbelopp>
                                    </csntyp:Belopp>
                                </csntyp:Beloppen>
                                <csntyp:totbelopp>35190</csntyp:totbelopp>
                            </csnsm:BeviljadTid>
                            <csnsm:BeviljadTid>
                                <csntyp:starttid>201001</csntyp:starttid>
                                <csntyp:sluttid>201002</csntyp:sluttid>
                                <csntyp:takt>100</csntyp:takt>
                                <csntyp:gr_takt>0</csntyp:gr_takt>
                                <csntyp:Beloppen>
                                    <csntyp:Belopp>
                                        <csntyp:beloppstyp>GRUNDB</csntyp:beloppstyp>
                                        <csntyp:klartext>Bidrag</csntyp:klartext>
                                        <csntyp:belopp>674</csntyp:belopp>
                                        <csntyp:totbelopp>1348</csntyp:totbelopp>
                                    </csntyp:Belopp>
                                    <csntyp:Belopp>
                                        <csntyp:beloppstyp>GRUNDL</csntyp:beloppstyp>
                                        <csntyp:klartext>Lån</csntyp:klartext>
                                        <csntyp:belopp>1361</csntyp:belopp>
                                        <csntyp:totbelopp>2722</csntyp:totbelopp>
                                    </csntyp:Belopp>
                                </csntyp:Beloppen>
                                <csntyp:totbelopp>4070</csntyp:totbelopp>
                            </csnsm:BeviljadTid>
                            <csnsm:BeviljadTid>
                                <csntyp:starttid>201003</csntyp:starttid>
                                <csntyp:sluttid>201022</csntyp:sluttid>
                                <csntyp:takt>100</csntyp:takt>
                                <csntyp:gr_takt>0</csntyp:gr_takt>
                                <csntyp:Beloppen>
                                    <csntyp:Belopp>
                                        <csntyp:beloppstyp>GRUNDB</csntyp:beloppstyp>
                                        <csntyp:klartext>Bidrag</csntyp:klartext>
                                        <csntyp:belopp>674</csntyp:belopp>
                                        <csntyp:totbelopp>13480</csntyp:totbelopp>
                                    </csntyp:Belopp>
                                    <csntyp:Belopp>
                                        <csntyp:beloppstyp>GRUNDL</csntyp:beloppstyp>
                                        <csntyp:klartext>Lån</csntyp:klartext>
                                        <csntyp:belopp>1361</csntyp:belopp>
                                        <csntyp:totbelopp>27220</csntyp:totbelopp>
                                    </csntyp:Belopp>
                                </csntyp:Beloppen>
                                <csntyp:totbelopp>40700</csntyp:totbelopp>
                            </csnsm:BeviljadTid>
                        </csnsm:BeviljadeTider>
                        <csnsm:UtbetalningsPlan>
                            <csnsm:Utbetalning>
                                <csntyp:utbetdatum>20090908</csntyp:utbetdatum>
                                <csntyp:utbetstatus>Utbetald</csntyp:utbetstatus>
                                <csntyp:Utbetaldatider>
                                    <csntyp:Utbetaldtid>
                                        <csntyp:startvecka>200936</csntyp:startvecka>
                                        <csntyp:slutvecka>200939</csntyp:slutvecka>
                                        <csntyp:Beloppen>
                                            <csntyp:Belopp>
                                                <csntyp:beloppstyp>GRUNDB</csntyp:beloppstyp>
                                                <csntyp:klartext>Bidrag</csntyp:klartext>
                                                <csntyp:belopp>671</csntyp:belopp>
                                                <csntyp:totbelopp>2684</csntyp:totbelopp>
                                            </csntyp:Belopp>
                                            <csntyp:Belopp>
                                                <csntyp:beloppstyp>GRUNDL</csntyp:beloppstyp>
                                                <csntyp:klartext>Lån</csntyp:klartext>
                                                <csntyp:belopp>1284</csntyp:belopp>
                                                <csntyp:totbelopp>5136</csntyp:totbelopp>
                                            </csntyp:Belopp>
                                        </csntyp:Beloppen>
                                        <csntyp:totbelopp>7820</csntyp:totbelopp>
                                    </csntyp:Utbetaldtid>
                                </csntyp:Utbetaldatider>
                                <csntyp:totbelopp>7820</csntyp:totbelopp>
                            </csnsm:Utbetalning>
                            <csnsm:Utbetalning>
                                <csntyp:utbetdatum>20090925</csntyp:utbetdatum>
                                <csntyp:utbetstatus>Utbetald</csntyp:utbetstatus>
                                <csntyp:Utbetaldatider>
                                    <csntyp:Utbetaldtid>
                                        <csntyp:startvecka>200940</csntyp:startvecka>
                                        <csntyp:slutvecka>200943</csntyp:slutvecka>
                                        <csntyp:Beloppen>
                                            <csntyp:Belopp>
                                                <csntyp:beloppstyp>GRUNDB</csntyp:beloppstyp>
                                                <csntyp:klartext>Bidrag</csntyp:klartext>
                                                <csntyp:belopp>671</csntyp:belopp>
                                                <csntyp:totbelopp>2684</csntyp:totbelopp>
                                            </csntyp:Belopp>
                                            <csntyp:Belopp>
                                                <csntyp:beloppstyp>GRUNDL</csntyp:beloppstyp>
                                                <csntyp:klartext>Lån</csntyp:klartext>
                                                <csntyp:belopp>1284</csntyp:belopp>
                                                <csntyp:totbelopp>5136</csntyp:totbelopp>
                                            </csntyp:Belopp>
                                        </csntyp:Beloppen>
                                        <csntyp:totbelopp>7820</csntyp:totbelopp>
                                    </csntyp:Utbetaldtid>
                                </csntyp:Utbetaldatider>
                                <csntyp:totbelopp>7820</csntyp:totbelopp>
                            </csnsm:Utbetalning>
                            <csnsm:Utbetalning>
                                <csntyp:utbetdatum>20091023</csntyp:utbetdatum>
                                <csntyp:utbetstatus>Utbetald</csntyp:utbetstatus>
                                <csntyp:Utbetaldatider>
                                    <csntyp:Utbetaldtid>
                                        <csntyp:startvecka>200944</csntyp:startvecka>
                                        <csntyp:slutvecka>200947</csntyp:slutvecka>
                                        <csntyp:Beloppen>
                                            <csntyp:Belopp>
                                                <csntyp:beloppstyp>GRUNDB</csntyp:beloppstyp>
                                                <csntyp:klartext>Bidrag</csntyp:klartext>
                                                <csntyp:belopp>671</csntyp:belopp>
                                                <csntyp:totbelopp>2684</csntyp:totbelopp>
                                            </csntyp:Belopp>
                                            <csntyp:Belopp>
                                                <csntyp:beloppstyp>GRUNDL</csntyp:beloppstyp>
                                                <csntyp:klartext>Lån</csntyp:klartext>
                                                <csntyp:belopp>1284</csntyp:belopp>
                                                <csntyp:totbelopp>5136</csntyp:totbelopp>
                                            </csntyp:Belopp>
                                        </csntyp:Beloppen>
                                        <csntyp:totbelopp>7820</csntyp:totbelopp>
                                    </csntyp:Utbetaldtid>
                                </csntyp:Utbetaldatider>
                                <csntyp:totbelopp>7820</csntyp:totbelopp>
                            </csnsm:Utbetalning>
                            <csnsm:Utbetalning>
                                <csntyp:utbetdatum>20091125</csntyp:utbetdatum>
                                <csntyp:utbetstatus>Utbetald</csntyp:utbetstatus>
                                <csntyp:Utbetaldatider>
                                    <csntyp:Utbetaldtid>
                                        <csntyp:startvecka>200948</csntyp:startvecka>
                                        <csntyp:slutvecka>200951</csntyp:slutvecka>
                                        <csntyp:Beloppen>
                                            <csntyp:Belopp>
                                                <csntyp:beloppstyp>GRUNDB</csntyp:beloppstyp>
                                                <csntyp:klartext>Bidrag</csntyp:klartext>
                                                <csntyp:belopp>671</csntyp:belopp>
                                                <csntyp:totbelopp>2684</csntyp:totbelopp>
                                            </csntyp:Belopp>
                                            <csntyp:Belopp>
                                                <csntyp:beloppstyp>GRUNDL</csntyp:beloppstyp>
                                                <csntyp:klartext>Lån</csntyp:klartext>
                                                <csntyp:belopp>1284</csntyp:belopp>
                                                <csntyp:totbelopp>5136</csntyp:totbelopp>
                                            </csntyp:Belopp>
                                        </csntyp:Beloppen>
                                        <csntyp:totbelopp>7820</csntyp:totbelopp>
                                    </csntyp:Utbetaldtid>
                                </csntyp:Utbetaldatider>
                                <csntyp:totbelopp>7820</csntyp:totbelopp>
                            </csnsm:Utbetalning>
                            <csnsm:Utbetalning>
                                <csntyp:utbetdatum>20091223</csntyp:utbetdatum>
                                <csntyp:utbetstatus>Utbetald</csntyp:utbetstatus>
                                <csntyp:Utbetaldatider>
                                    <csntyp:Utbetaldtid>
                                        <csntyp:startvecka>200952</csntyp:startvecka>
                                        <csntyp:slutvecka>200953</csntyp:slutvecka>
                                        <csntyp:Beloppen>
                                            <csntyp:Belopp>
                                                <csntyp:beloppstyp>GRUNDB</csntyp:beloppstyp>
                                                <csntyp:klartext>Bidrag</csntyp:klartext>
                                                <csntyp:belopp>671</csntyp:belopp>
                                                <csntyp:totbelopp>1342</csntyp:totbelopp>
                                            </csntyp:Belopp>
                                            <csntyp:Belopp>
                                                <csntyp:beloppstyp>GRUNDL</csntyp:beloppstyp>
                                                <csntyp:klartext>Lån</csntyp:klartext>
                                                <csntyp:belopp>1284</csntyp:belopp>
                                                <csntyp:totbelopp>2568</csntyp:totbelopp>
                                            </csntyp:Belopp>
                                        </csntyp:Beloppen>
                                        <csntyp:totbelopp>3910</csntyp:totbelopp>
                                    </csntyp:Utbetaldtid>
                                    <csntyp:Utbetaldtid>
                                        <csntyp:startvecka>201001</csntyp:startvecka>
                                        <csntyp:slutvecka>201002</csntyp:slutvecka>
                                        <csntyp:Beloppen>
                                            <csntyp:Belopp>
                                                <csntyp:beloppstyp>GRUNDB</csntyp:beloppstyp>
                                                <csntyp:klartext>Bidrag</csntyp:klartext>
                                                <csntyp:belopp>674</csntyp:belopp>
                                                <csntyp:totbelopp>1348</csntyp:totbelopp>
                                            </csntyp:Belopp>
                                            <csntyp:Belopp>
                                                <csntyp:beloppstyp>GRUNDL</csntyp:beloppstyp>
                                                <csntyp:klartext>Lån</csntyp:klartext>
                                                <csntyp:belopp>1361</csntyp:belopp>
                                                <csntyp:totbelopp>2722</csntyp:totbelopp>
                                            </csntyp:Belopp>
                                        </csntyp:Beloppen>
                                        <csntyp:totbelopp>4070</csntyp:totbelopp>
                                    </csntyp:Utbetaldtid>
                                </csntyp:Utbetaldatider>
                                <csntyp:totbelopp>7980</csntyp:totbelopp>
                            </csnsm:Utbetalning>
                            <csnsm:Utbetalning>
                                <csntyp:utbetdatum>20100120</csntyp:utbetdatum>
                                <csntyp:utbetstatus>Utbetald</csntyp:utbetstatus>
                                <csntyp:Utbetaldatider>
                                    <csntyp:Utbetaldtid>
                                        <csntyp:startvecka>201003</csntyp:startvecka>
                                        <csntyp:slutvecka>201008</csntyp:slutvecka>
                                        <csntyp:Beloppen>
                                            <csntyp:Belopp>
                                                <csntyp:beloppstyp>GRUNDB</csntyp:beloppstyp>
                                                <csntyp:klartext>Bidrag</csntyp:klartext>
                                                <csntyp:belopp>674</csntyp:belopp>
                                                <csntyp:totbelopp>4044</csntyp:totbelopp>
                                            </csntyp:Belopp>
                                            <csntyp:Belopp>
                                                <csntyp:beloppstyp>GRUNDL</csntyp:beloppstyp>
                                                <csntyp:klartext>Lån</csntyp:klartext>
                                                <csntyp:belopp>1361</csntyp:belopp>
                                                <csntyp:totbelopp>8166</csntyp:totbelopp>
                                            </csntyp:Belopp>
                                        </csntyp:Beloppen>
                                        <csntyp:totbelopp>12210</csntyp:totbelopp>
                                    </csntyp:Utbetaldtid>
                                </csntyp:Utbetaldatider>
                                <csntyp:totbelopp>12210</csntyp:totbelopp>
                            </csnsm:Utbetalning>
                            <csnsm:Utbetalning>
                                <csntyp:utbetdatum>20100225</csntyp:utbetdatum>
                                <csntyp:utbetstatus>Planerad</csntyp:utbetstatus>
                                <csntyp:Utbetaldatider>
                                    <csntyp:Utbetaldtid>
                                        <csntyp:startvecka>201009</csntyp:startvecka>
                                        <csntyp:slutvecka>201012</csntyp:slutvecka>
                                        <csntyp:Beloppen>
                                            <csntyp:Belopp>
                                                <csntyp:beloppstyp>GRUNDB</csntyp:beloppstyp>
                                                <csntyp:klartext>Bidrag</csntyp:klartext>
                                                <csntyp:belopp>674</csntyp:belopp>
                                                <csntyp:totbelopp>2696</csntyp:totbelopp>
                                            </csntyp:Belopp>
                                            <csntyp:Belopp>
                                                <csntyp:beloppstyp>GRUNDL</csntyp:beloppstyp>
                                                <csntyp:klartext>Lån</csntyp:klartext>
                                                <csntyp:belopp>1361</csntyp:belopp>
                                                <csntyp:totbelopp>5444</csntyp:totbelopp>
                                            </csntyp:Belopp>
                                        </csntyp:Beloppen>
                                        <csntyp:totbelopp>8140</csntyp:totbelopp>
                                    </csntyp:Utbetaldtid>
                                </csntyp:Utbetaldatider>
                                <csntyp:totbelopp>8140</csntyp:totbelopp>
                            </csnsm:Utbetalning>
                            <csnsm:Utbetalning>
                                <csntyp:utbetdatum>20100325</csntyp:utbetdatum>
                                <csntyp:utbetstatus>Planerad</csntyp:utbetstatus>
                                <csntyp:Utbetaldatider>
                                    <csntyp:Utbetaldtid>
                                        <csntyp:startvecka>201013</csntyp:startvecka>
                                        <csntyp:slutvecka>201016</csntyp:slutvecka>
                                        <csntyp:Beloppen>
                                            <csntyp:Belopp>
                                                <csntyp:beloppstyp>GRUNDB</csntyp:beloppstyp>
                                                <csntyp:klartext>Bidrag</csntyp:klartext>
                                                <csntyp:belopp>674</csntyp:belopp>
                                                <csntyp:totbelopp>2696</csntyp:totbelopp>
                                            </csntyp:Belopp>
                                            <csntyp:Belopp>
                                                <csntyp:beloppstyp>GRUNDL</csntyp:beloppstyp>
                                                <csntyp:klartext>Lån</csntyp:klartext>
                                                <csntyp:belopp>1361</csntyp:belopp>
                                                <csntyp:totbelopp>5444</csntyp:totbelopp>
                                            </csntyp:Belopp>
                                        </csntyp:Beloppen>
                                        <csntyp:totbelopp>8140</csntyp:totbelopp>
                                    </csntyp:Utbetaldtid>
                                </csntyp:Utbetaldatider>
                                <csntyp:totbelopp>8140</csntyp:totbelopp>
                            </csnsm:Utbetalning>
                            <csnsm:Utbetalning>
                                <csntyp:utbetdatum>20100423</csntyp:utbetdatum>
                                <csntyp:utbetstatus>Planerad</csntyp:utbetstatus>
                                <csntyp:Utbetaldatider>
                                    <csntyp:Utbetaldtid>
                                        <csntyp:startvecka>201017</csntyp:startvecka>
                                        <csntyp:slutvecka>201020</csntyp:slutvecka>
                                        <csntyp:Beloppen>
                                            <csntyp:Belopp>
                                                <csntyp:beloppstyp>GRUNDB</csntyp:beloppstyp>
                                                <csntyp:klartext>Bidrag</csntyp:klartext>
                                                <csntyp:belopp>674</csntyp:belopp>
                                                <csntyp:totbelopp>2696</csntyp:totbelopp>
                                            </csntyp:Belopp>
                                            <csntyp:Belopp>
                                                <csntyp:beloppstyp>GRUNDL</csntyp:beloppstyp>
                                                <csntyp:klartext>Lån</csntyp:klartext>
                                                <csntyp:belopp>1361</csntyp:belopp>
                                                <csntyp:totbelopp>5444</csntyp:totbelopp>
                                            </csntyp:Belopp>
                                        </csntyp:Beloppen>
                                        <csntyp:totbelopp>8140</csntyp:totbelopp>
                                    </csntyp:Utbetaldtid>
                                </csntyp:Utbetaldatider>
                                <csntyp:totbelopp>8140</csntyp:totbelopp>
                            </csnsm:Utbetalning>
                            <csnsm:Utbetalning>
                                <csntyp:utbetdatum>20100525</csntyp:utbetdatum>
                                <csntyp:utbetstatus>Planerad</csntyp:utbetstatus>
                                <csntyp:Utbetaldatider>
                                    <csntyp:Utbetaldtid>
                                        <csntyp:startvecka>201021</csntyp:startvecka>
                                        <csntyp:slutvecka>201022</csntyp:slutvecka>
                                        <csntyp:Beloppen>
                                            <csntyp:Belopp>
                                                <csntyp:beloppstyp>GRUNDB</csntyp:beloppstyp>
                                                <csntyp:klartext>Bidrag</csntyp:klartext>
                                                <csntyp:belopp>674</csntyp:belopp>
                                                <csntyp:totbelopp>1348</csntyp:totbelopp>
                                            </csntyp:Belopp>
                                            <csntyp:Belopp>
                                                <csntyp:beloppstyp>GRUNDL</csntyp:beloppstyp>
                                                <csntyp:klartext>Lån</csntyp:klartext>
                                                <csntyp:belopp>1361</csntyp:belopp>
                                                <csntyp:totbelopp>2722</csntyp:totbelopp>
                                            </csntyp:Belopp>
                                        </csntyp:Beloppen>
                                        <csntyp:totbelopp>4070</csntyp:totbelopp>
                                    </csntyp:Utbetaldtid>
                                </csntyp:Utbetaldatider>
                                <csntyp:totbelopp>4070</csntyp:totbelopp>
                            </csnsm:Utbetalning>
                        </csnsm:UtbetalningsPlan>
                    </csnper:Arende>
                    <csnper:Arende lopnummer="16">
                        <csnsm:stodform>TLÅN</csnsm:stodform>
                        <csnsm:klartext>Tilläggslån</csnsm:klartext>
                        <csnsm:status>BESLUTAD</csnsm:status>
                        <csnsm:relarende>14</csnsm:relarende>
                        <csnsm:soktaTider>
                            <csnsm:soktTid>
                                <csntyp:soktfrom>20090831</csntyp:soktfrom>
                                <csntyp:sokttom>20100116</csntyp:sokttom>
                                <csntyp:soktomfattning>0</csntyp:soktomfattning>
                            </csnsm:soktTid>
                            <csnsm:soktTid>
                                <csntyp:soktfrom>20100118</csntyp:soktfrom>
                                <csntyp:sokttom>20100605</csntyp:sokttom>
                                <csntyp:soktomfattning>0</csntyp:soktomfattning>
                            </csnsm:soktTid>
                        </csnsm:soktaTider>
                        <csnsm:BeviljadeTider>
                            <csnsm:BeviljadTid>
                                <csntyp:starttid>200936</csntyp:starttid>
                                <csntyp:sluttid>200953</csntyp:sluttid>
                                <csntyp:takt>100</csntyp:takt>
                                <csntyp:gr_takt>0</csntyp:gr_takt>
                                <csntyp:Beloppen>
                                    <csntyp:Belopp>
                                        <csntyp:beloppstyp>TILL</csntyp:beloppstyp>
                                        <csntyp:klartext>Tilläggslån</csntyp:klartext>
                                        <csntyp:belopp>423</csntyp:belopp>
                                        <csntyp:totbelopp>7614</csntyp:totbelopp>
                                    </csntyp:Belopp>
                                </csntyp:Beloppen>
                                <csntyp:totbelopp>7614</csntyp:totbelopp>
                            </csnsm:BeviljadTid>
                            <csnsm:BeviljadTid>
                                <csntyp:starttid>201001</csntyp:starttid>
                                <csntyp:sluttid>201002</csntyp:sluttid>
                                <csntyp:takt>100</csntyp:takt>
                                <csntyp:gr_takt>0</csntyp:gr_takt>
                                <csntyp:Beloppen>
                                    <csntyp:Belopp>
                                        <csntyp:beloppstyp>TILL</csntyp:beloppstyp>
                                        <csntyp:klartext>Tilläggslån</csntyp:klartext>
                                        <csntyp:belopp>419</csntyp:belopp>
                                        <csntyp:totbelopp>838</csntyp:totbelopp>
                                    </csntyp:Belopp>
                                </csntyp:Beloppen>
                                <csntyp:totbelopp>838</csntyp:totbelopp>
                            </csnsm:BeviljadTid>
                            <csnsm:BeviljadTid>
                                <csntyp:starttid>201003</csntyp:starttid>
                                <csntyp:sluttid>201020</csntyp:sluttid>
                                <csntyp:takt>100</csntyp:takt>
                                <csntyp:gr_takt>0</csntyp:gr_takt>
                                <csntyp:Beloppen>
                                    <csntyp:Belopp>
                                        <csntyp:beloppstyp>TILL</csntyp:beloppstyp>
                                        <csntyp:klartext>Tilläggslån</csntyp:klartext>
                                        <csntyp:belopp>419</csntyp:belopp>
                                        <csntyp:totbelopp>7542</csntyp:totbelopp>
                                    </csntyp:Belopp>
                                </csntyp:Beloppen>
                                <csntyp:totbelopp>7542</csntyp:totbelopp>
                            </csnsm:BeviljadTid>
                        </csnsm:BeviljadeTider>
                        <csnsm:UtbetalningsPlan>
                            <csnsm:Utbetalning>
                                <csntyp:utbetdatum>20090908</csntyp:utbetdatum>
                                <csntyp:utbetstatus>Utbetald</csntyp:utbetstatus>
                                <csntyp:Utbetaldatider>
                                    <csntyp:Utbetaldtid>
                                        <csntyp:startvecka>200936</csntyp:startvecka>
                                        <csntyp:slutvecka>200939</csntyp:slutvecka>
                                        <csntyp:Beloppen>
                                            <csntyp:Belopp>
                                                <csntyp:beloppstyp>TILL</csntyp:beloppstyp>
                                                <csntyp:klartext>Tilläggslån</csntyp:klartext>
                                                <csntyp:belopp>423</csntyp:belopp>
                                                <csntyp:totbelopp>1692</csntyp:totbelopp>
                                            </csntyp:Belopp>
                                        </csntyp:Beloppen>
                                        <csntyp:totbelopp>1692</csntyp:totbelopp>
                                    </csntyp:Utbetaldtid>
                                </csntyp:Utbetaldatider>
                                <csntyp:totbelopp>1692</csntyp:totbelopp>
                            </csnsm:Utbetalning>
                            <csnsm:Utbetalning>
                                <csntyp:utbetdatum>20090925</csntyp:utbetdatum>
                                <csntyp:utbetstatus>Utbetald</csntyp:utbetstatus>
                                <csntyp:Utbetaldatider>
                                    <csntyp:Utbetaldtid>
                                        <csntyp:startvecka>200940</csntyp:startvecka>
                                        <csntyp:slutvecka>200943</csntyp:slutvecka>
                                        <csntyp:Beloppen>
                                            <csntyp:Belopp>
                                                <csntyp:beloppstyp>TILL</csntyp:beloppstyp>
                                                <csntyp:klartext>Tilläggslån</csntyp:klartext>
                                                <csntyp:belopp>423</csntyp:belopp>
                                                <csntyp:totbelopp>1692</csntyp:totbelopp>
                                            </csntyp:Belopp>
                                        </csntyp:Beloppen>
                                        <csntyp:totbelopp>1692</csntyp:totbelopp>
                                    </csntyp:Utbetaldtid>
                                </csntyp:Utbetaldatider>
                                <csntyp:totbelopp>1692</csntyp:totbelopp>
                            </csnsm:Utbetalning>
                            <csnsm:Utbetalning>
                                <csntyp:utbetdatum>20091023</csntyp:utbetdatum>
                                <csntyp:utbetstatus>Utbetald</csntyp:utbetstatus>
                                <csntyp:Utbetaldatider>
                                    <csntyp:Utbetaldtid>
                                        <csntyp:startvecka>200944</csntyp:startvecka>
                                        <csntyp:slutvecka>200947</csntyp:slutvecka>
                                        <csntyp:Beloppen>
                                            <csntyp:Belopp>
                                                <csntyp:beloppstyp>TILL</csntyp:beloppstyp>
                                                <csntyp:klartext>Tilläggslån</csntyp:klartext>
                                                <csntyp:belopp>423</csntyp:belopp>
                                                <csntyp:totbelopp>1692</csntyp:totbelopp>
                                            </csntyp:Belopp>
                                        </csntyp:Beloppen>
                                        <csntyp:totbelopp>1692</csntyp:totbelopp>
                                    </csntyp:Utbetaldtid>
                                </csntyp:Utbetaldatider>
                                <csntyp:totbelopp>1692</csntyp:totbelopp>
                            </csnsm:Utbetalning>
                            <csnsm:Utbetalning>
                                <csntyp:utbetdatum>20091125</csntyp:utbetdatum>
                                <csntyp:utbetstatus>Utbetald</csntyp:utbetstatus>
                                <csntyp:Utbetaldatider>
                                    <csntyp:Utbetaldtid>
                                        <csntyp:startvecka>200948</csntyp:startvecka>
                                        <csntyp:slutvecka>200951</csntyp:slutvecka>
                                        <csntyp:Beloppen>
                                            <csntyp:Belopp>
                                                <csntyp:beloppstyp>TILL</csntyp:beloppstyp>
                                                <csntyp:klartext>Tilläggslån</csntyp:klartext>
                                                <csntyp:belopp>423</csntyp:belopp>
                                                <csntyp:totbelopp>1692</csntyp:totbelopp>
                                            </csntyp:Belopp>
                                        </csntyp:Beloppen>
                                        <csntyp:totbelopp>1692</csntyp:totbelopp>
                                    </csntyp:Utbetaldtid>
                                </csntyp:Utbetaldatider>
                                <csntyp:totbelopp>1692</csntyp:totbelopp>
                            </csnsm:Utbetalning>
                            <csnsm:Utbetalning>
                                <csntyp:utbetdatum>20091223</csntyp:utbetdatum>
                                <csntyp:utbetstatus>Utbetald</csntyp:utbetstatus>
                                <csntyp:Utbetaldatider>
                                    <csntyp:Utbetaldtid>
                                        <csntyp:startvecka>200952</csntyp:startvecka>
                                        <csntyp:slutvecka>200953</csntyp:slutvecka>
                                        <csntyp:Beloppen>
                                            <csntyp:Belopp>
                                                <csntyp:beloppstyp>TILL</csntyp:beloppstyp>
                                                <csntyp:klartext>Tilläggslån</csntyp:klartext>
                                                <csntyp:belopp>423</csntyp:belopp>
                                                <csntyp:totbelopp>846</csntyp:totbelopp>
                                            </csntyp:Belopp>
                                        </csntyp:Beloppen>
                                        <csntyp:totbelopp>846</csntyp:totbelopp>
                                    </csntyp:Utbetaldtid>
                                    <csntyp:Utbetaldtid>
                                        <csntyp:startvecka>201001</csntyp:startvecka>
                                        <csntyp:slutvecka>201002</csntyp:slutvecka>
                                        <csntyp:Beloppen>
                                            <csntyp:Belopp>
                                                <csntyp:beloppstyp>TILL</csntyp:beloppstyp>
                                                <csntyp:klartext>Tilläggslån</csntyp:klartext>
                                                <csntyp:belopp>419</csntyp:belopp>
                                                <csntyp:totbelopp>838</csntyp:totbelopp>
                                            </csntyp:Belopp>
                                        </csntyp:Beloppen>
                                        <csntyp:totbelopp>838</csntyp:totbelopp>
                                    </csntyp:Utbetaldtid>
                                </csntyp:Utbetaldatider>
                                <csntyp:totbelopp>1684</csntyp:totbelopp>
                            </csnsm:Utbetalning>
                            <csnsm:Utbetalning>
                                <csntyp:utbetdatum>20100120</csntyp:utbetdatum>
                                <csntyp:utbetstatus>Utbetald</csntyp:utbetstatus>
                                <csntyp:Utbetaldatider>
                                    <csntyp:Utbetaldtid>
                                        <csntyp:startvecka>201003</csntyp:startvecka>
                                        <csntyp:slutvecka>201008</csntyp:slutvecka>
                                        <csntyp:Beloppen>
                                            <csntyp:Belopp>
                                                <csntyp:beloppstyp>TILL</csntyp:beloppstyp>
                                                <csntyp:klartext>Tilläggslån</csntyp:klartext>
                                                <csntyp:belopp>419</csntyp:belopp>
                                                <csntyp:totbelopp>2514</csntyp:totbelopp>
                                            </csntyp:Belopp>
                                        </csntyp:Beloppen>
                                        <csntyp:totbelopp>2514</csntyp:totbelopp>
                                    </csntyp:Utbetaldtid>
                                </csntyp:Utbetaldatider>
                                <csntyp:totbelopp>2514</csntyp:totbelopp>
                            </csnsm:Utbetalning>
                            <csnsm:Utbetalning>
                                <csntyp:utbetdatum>20100225</csntyp:utbetdatum>
                                <csntyp:utbetstatus>Planerad</csntyp:utbetstatus>
                                <csntyp:Utbetaldatider>
                                    <csntyp:Utbetaldtid>
                                        <csntyp:startvecka>201009</csntyp:startvecka>
                                        <csntyp:slutvecka>201012</csntyp:slutvecka>
                                        <csntyp:Beloppen>
                                            <csntyp:Belopp>
                                                <csntyp:beloppstyp>TILL</csntyp:beloppstyp>
                                                <csntyp:klartext>Tilläggslån</csntyp:klartext>
                                                <csntyp:belopp>419</csntyp:belopp>
                                                <csntyp:totbelopp>1676</csntyp:totbelopp>
                                            </csntyp:Belopp>
                                        </csntyp:Beloppen>
                                        <csntyp:totbelopp>1676</csntyp:totbelopp>
                                    </csntyp:Utbetaldtid>
                                </csntyp:Utbetaldatider>
                                <csntyp:totbelopp>1676</csntyp:totbelopp>
                            </csnsm:Utbetalning>
                            <csnsm:Utbetalning>
                                <csntyp:utbetdatum>20100325</csntyp:utbetdatum>
                                <csntyp:utbetstatus>Planerad</csntyp:utbetstatus>
                                <csntyp:Utbetaldatider>
                                    <csntyp:Utbetaldtid>
                                        <csntyp:startvecka>201013</csntyp:startvecka>
                                        <csntyp:slutvecka>201016</csntyp:slutvecka>
                                        <csntyp:Beloppen>
                                            <csntyp:Belopp>
                                                <csntyp:beloppstyp>TILL</csntyp:beloppstyp>
                                                <csntyp:klartext>Tilläggslån</csntyp:klartext>
                                                <csntyp:belopp>419</csntyp:belopp>
                                                <csntyp:totbelopp>1676</csntyp:totbelopp>
                                            </csntyp:Belopp>
                                        </csntyp:Beloppen>
                                        <csntyp:totbelopp>1676</csntyp:totbelopp>
                                    </csntyp:Utbetaldtid>
                                </csntyp:Utbetaldatider>
                                <csntyp:totbelopp>1676</csntyp:totbelopp>
                            </csnsm:Utbetalning>
                            <csnsm:Utbetalning>
                                <csntyp:utbetdatum>20100423</csntyp:utbetdatum>
                                <csntyp:utbetstatus>Planerad</csntyp:utbetstatus>
                                <csntyp:Utbetaldatider>
                                    <csntyp:Utbetaldtid>
                                        <csntyp:startvecka>201017</csntyp:startvecka>
                                        <csntyp:slutvecka>201020</csntyp:slutvecka>
                                        <csntyp:Beloppen>
                                            <csntyp:Belopp>
                                                <csntyp:beloppstyp>TILL</csntyp:beloppstyp>
                                                <csntyp:klartext>Tilläggslån</csntyp:klartext>
                                                <csntyp:belopp>419</csntyp:belopp>
                                                <csntyp:totbelopp>1676</csntyp:totbelopp>
                                            </csntyp:Belopp>
                                        </csntyp:Beloppen>
                                        <csntyp:totbelopp>1676</csntyp:totbelopp>
                                    </csntyp:Utbetaldtid>
                                </csntyp:Utbetaldatider>
                                <csntyp:totbelopp>1676</csntyp:totbelopp>
                            </csnsm:Utbetalning>
                        </csnsm:UtbetalningsPlan>
                    </csnper:Arende>
                    <csnper:Arende lopnummer="15">
                        <csnsm:stodform>TBID</csnsm:stodform>
                        <csnsm:klartext>Tilläggsbidrag</csnsm:klartext>
                        <csnsm:status>BESLUTAD</csnsm:status>
                        <csnsm:relarende>14</csnsm:relarende>
                        <csnsm:soktaTider>
                            <csnsm:soktTid>
                                <csntyp:soktfrom>20090831</csntyp:soktfrom>
                                <csntyp:sokttom>20100605</csntyp:sokttom>
                                <csntyp:soktomfattning>0</csntyp:soktomfattning>
                            </csnsm:soktTid>
                        </csnsm:soktaTider>
                        <csnsm:BeviljadeTider>
                            <csnsm:BeviljadTid>
                                <csntyp:starttid>200936</csntyp:starttid>
                                <csntyp:sluttid>200953</csntyp:sluttid>
                                <csntyp:takt>100</csntyp:takt>
                                <csntyp:gr_takt>0</csntyp:gr_takt>
                                <csntyp:Beloppen>
                                    <csntyp:Belopp>
                                        <csntyp:beloppstyp>TILB</csntyp:beloppstyp>
                                        <csntyp:klartext>Tilläggsbidrag</csntyp:klartext>
                                        <csntyp:belopp>251</csntyp:belopp>
                                        <csntyp:totbelopp>4518</csntyp:totbelopp>
                                    </csntyp:Belopp>
                                </csntyp:Beloppen>
                                <csntyp:totbelopp>4518</csntyp:totbelopp>
                            </csnsm:BeviljadTid>
                            <csnsm:BeviljadTid>
                                <csntyp:starttid>201001</csntyp:starttid>
                                <csntyp:sluttid>201002</csntyp:sluttid>
                                <csntyp:takt>100</csntyp:takt>
                                <csntyp:gr_takt>0</csntyp:gr_takt>
                                <csntyp:Beloppen>
                                    <csntyp:Belopp>
                                        <csntyp:beloppstyp>TILB</csntyp:beloppstyp>
                                        <csntyp:klartext>Tilläggsbidrag</csntyp:klartext>
                                        <csntyp:belopp>249</csntyp:belopp>
                                        <csntyp:totbelopp>498</csntyp:totbelopp>
                                    </csntyp:Belopp>
                                </csntyp:Beloppen>
                                <csntyp:totbelopp>498</csntyp:totbelopp>
                            </csnsm:BeviljadTid>
                            <csnsm:BeviljadTid>
                                <csntyp:starttid>201003</csntyp:starttid>
                                <csntyp:sluttid>201022</csntyp:sluttid>
                                <csntyp:takt>100</csntyp:takt>
                                <csntyp:gr_takt>0</csntyp:gr_takt>
                                <csntyp:Beloppen>
                                    <csntyp:Belopp>
                                        <csntyp:beloppstyp>TILB</csntyp:beloppstyp>
                                        <csntyp:klartext>Tilläggsbidrag</csntyp:klartext>
                                        <csntyp:belopp>249</csntyp:belopp>
                                        <csntyp:totbelopp>4980</csntyp:totbelopp>
                                    </csntyp:Belopp>
                                </csntyp:Beloppen>
                                <csntyp:totbelopp>4980</csntyp:totbelopp>
                            </csnsm:BeviljadTid>
                        </csnsm:BeviljadeTider>
                        <csnsm:UtbetalningsPlan>
                            <csnsm:Utbetalning>
                                <csntyp:utbetdatum>20090908</csntyp:utbetdatum>
                                <csntyp:utbetstatus>Utbetald</csntyp:utbetstatus>
                                <csntyp:Utbetaldatider>
                                    <csntyp:Utbetaldtid>
                                        <csntyp:startvecka>200936</csntyp:startvecka>
                                        <csntyp:slutvecka>200939</csntyp:slutvecka>
                                        <csntyp:Beloppen>
                                            <csntyp:Belopp>
                                                <csntyp:beloppstyp>TILB</csntyp:beloppstyp>
                                                <csntyp:klartext>Tilläggsbidrag</csntyp:klartext>
                                                <csntyp:belopp>251</csntyp:belopp>
                                                <csntyp:totbelopp>1004</csntyp:totbelopp>
                                            </csntyp:Belopp>
                                        </csntyp:Beloppen>
                                        <csntyp:totbelopp>1004</csntyp:totbelopp>
                                    </csntyp:Utbetaldtid>
                                </csntyp:Utbetaldatider>
                                <csntyp:totbelopp>1004</csntyp:totbelopp>
                            </csnsm:Utbetalning>
                            <csnsm:Utbetalning>
                                <csntyp:utbetdatum>20090925</csntyp:utbetdatum>
                                <csntyp:utbetstatus>Utbetald</csntyp:utbetstatus>
                                <csntyp:Utbetaldatider>
                                    <csntyp:Utbetaldtid>
                                        <csntyp:startvecka>200940</csntyp:startvecka>
                                        <csntyp:slutvecka>200943</csntyp:slutvecka>
                                        <csntyp:Beloppen>
                                            <csntyp:Belopp>
                                                <csntyp:beloppstyp>TILB</csntyp:beloppstyp>
                                                <csntyp:klartext>Tilläggsbidrag</csntyp:klartext>
                                                <csntyp:belopp>251</csntyp:belopp>
                                                <csntyp:totbelopp>1004</csntyp:totbelopp>
                                            </csntyp:Belopp>
                                        </csntyp:Beloppen>
                                        <csntyp:totbelopp>1004</csntyp:totbelopp>
                                    </csntyp:Utbetaldtid>
                                </csntyp:Utbetaldatider>
                                <csntyp:totbelopp>1004</csntyp:totbelopp>
                            </csnsm:Utbetalning>
                            <csnsm:Utbetalning>
                                <csntyp:utbetdatum>20091023</csntyp:utbetdatum>
                                <csntyp:utbetstatus>Utbetald</csntyp:utbetstatus>
                                <csntyp:Utbetaldatider>
                                    <csntyp:Utbetaldtid>
                                        <csntyp:startvecka>200944</csntyp:startvecka>
                                        <csntyp:slutvecka>200947</csntyp:slutvecka>
                                        <csntyp:Beloppen>
                                            <csntyp:Belopp>
                                                <csntyp:beloppstyp>TILB</csntyp:beloppstyp>
                                                <csntyp:klartext>Tilläggsbidrag</csntyp:klartext>
                                                <csntyp:belopp>251</csntyp:belopp>
                                                <csntyp:totbelopp>1004</csntyp:totbelopp>
                                            </csntyp:Belopp>
                                        </csntyp:Beloppen>
                                        <csntyp:totbelopp>1004</csntyp:totbelopp>
                                    </csntyp:Utbetaldtid>
                                </csntyp:Utbetaldatider>
                                <csntyp:totbelopp>1004</csntyp:totbelopp>
                            </csnsm:Utbetalning>
                            <csnsm:Utbetalning>
                                <csntyp:utbetdatum>20091125</csntyp:utbetdatum>
                                <csntyp:utbetstatus>Utbetald</csntyp:utbetstatus>
                                <csntyp:Utbetaldatider>
                                    <csntyp:Utbetaldtid>
                                        <csntyp:startvecka>200948</csntyp:startvecka>
                                        <csntyp:slutvecka>200951</csntyp:slutvecka>
                                        <csntyp:Beloppen>
                                            <csntyp:Belopp>
                                                <csntyp:beloppstyp>TILB</csntyp:beloppstyp>
                                                <csntyp:klartext>Tilläggsbidrag</csntyp:klartext>
                                                <csntyp:belopp>251</csntyp:belopp>
                                                <csntyp:totbelopp>1004</csntyp:totbelopp>
                                            </csntyp:Belopp>
                                        </csntyp:Beloppen>
                                        <csntyp:totbelopp>1004</csntyp:totbelopp>
                                    </csntyp:Utbetaldtid>
                                </csntyp:Utbetaldatider>
                                <csntyp:totbelopp>1004</csntyp:totbelopp>
                            </csnsm:Utbetalning>
                            <csnsm:Utbetalning>
                                <csntyp:utbetdatum>20091223</csntyp:utbetdatum>
                                <csntyp:utbetstatus>Utbetald</csntyp:utbetstatus>
                                <csntyp:Utbetaldatider>
                                    <csntyp:Utbetaldtid>
                                        <csntyp:startvecka>200952</csntyp:startvecka>
                                        <csntyp:slutvecka>200953</csntyp:slutvecka>
                                        <csntyp:Beloppen>
                                            <csntyp:Belopp>
                                                <csntyp:beloppstyp>TILB</csntyp:beloppstyp>
                                                <csntyp:klartext>Tilläggsbidrag</csntyp:klartext>
                                                <csntyp:belopp>251</csntyp:belopp>
                                                <csntyp:totbelopp>502</csntyp:totbelopp>
                                            </csntyp:Belopp>
                                        </csntyp:Beloppen>
                                        <csntyp:totbelopp>502</csntyp:totbelopp>
                                    </csntyp:Utbetaldtid>
                                    <csntyp:Utbetaldtid>
                                        <csntyp:startvecka>201001</csntyp:startvecka>
                                        <csntyp:slutvecka>201002</csntyp:slutvecka>
                                        <csntyp:Beloppen>
                                            <csntyp:Belopp>
                                                <csntyp:beloppstyp>TILB</csntyp:beloppstyp>
                                                <csntyp:klartext>Tilläggsbidrag</csntyp:klartext>
                                                <csntyp:belopp>249</csntyp:belopp>
                                                <csntyp:totbelopp>498</csntyp:totbelopp>
                                            </csntyp:Belopp>
                                        </csntyp:Beloppen>
                                        <csntyp:totbelopp>498</csntyp:totbelopp>
                                    </csntyp:Utbetaldtid>
                                </csntyp:Utbetaldatider>
                                <csntyp:totbelopp>1000</csntyp:totbelopp>
                            </csnsm:Utbetalning>
                            <csnsm:Utbetalning>
                                <csntyp:utbetdatum>20100120</csntyp:utbetdatum>
                                <csntyp:utbetstatus>Utbetald</csntyp:utbetstatus>
                                <csntyp:Utbetaldatider>
                                    <csntyp:Utbetaldtid>
                                        <csntyp:startvecka>201003</csntyp:startvecka>
                                        <csntyp:slutvecka>201008</csntyp:slutvecka>
                                        <csntyp:Beloppen>
                                            <csntyp:Belopp>
                                                <csntyp:beloppstyp>TILB</csntyp:beloppstyp>
                                                <csntyp:klartext>Tilläggsbidrag</csntyp:klartext>
                                                <csntyp:belopp>249</csntyp:belopp>
                                                <csntyp:totbelopp>1494</csntyp:totbelopp>
                                            </csntyp:Belopp>
                                        </csntyp:Beloppen>
                                        <csntyp:totbelopp>1494</csntyp:totbelopp>
                                    </csntyp:Utbetaldtid>
                                </csntyp:Utbetaldatider>
                                <csntyp:totbelopp>1494</csntyp:totbelopp>
                            </csnsm:Utbetalning>
                            <csnsm:Utbetalning>
                                <csntyp:utbetdatum>20100225</csntyp:utbetdatum>
                                <csntyp:utbetstatus>Planerad</csntyp:utbetstatus>
                                <csntyp:Utbetaldatider>
                                    <csntyp:Utbetaldtid>
                                        <csntyp:startvecka>201009</csntyp:startvecka>
                                        <csntyp:slutvecka>201012</csntyp:slutvecka>
                                        <csntyp:Beloppen>
                                            <csntyp:Belopp>
                                                <csntyp:beloppstyp>TILB</csntyp:beloppstyp>
                                                <csntyp:klartext>Tilläggsbidrag</csntyp:klartext>
                                                <csntyp:belopp>249</csntyp:belopp>
                                                <csntyp:totbelopp>996</csntyp:totbelopp>
                                            </csntyp:Belopp>
                                        </csntyp:Beloppen>
                                        <csntyp:totbelopp>996</csntyp:totbelopp>
                                    </csntyp:Utbetaldtid>
                                </csntyp:Utbetaldatider>
                                <csntyp:totbelopp>996</csntyp:totbelopp>
                            </csnsm:Utbetalning>
                            <csnsm:Utbetalning>
                                <csntyp:utbetdatum>20100325</csntyp:utbetdatum>
                                <csntyp:utbetstatus>Planerad</csntyp:utbetstatus>
                                <csntyp:Utbetaldatider>
                                    <csntyp:Utbetaldtid>
                                        <csntyp:startvecka>201013</csntyp:startvecka>
                                        <csntyp:slutvecka>201016</csntyp:slutvecka>
                                        <csntyp:Beloppen>
                                            <csntyp:Belopp>
                                                <csntyp:beloppstyp>TILB</csntyp:beloppstyp>
                                                <csntyp:klartext>Tilläggsbidrag</csntyp:klartext>
                                                <csntyp:belopp>249</csntyp:belopp>
                                                <csntyp:totbelopp>996</csntyp:totbelopp>
                                            </csntyp:Belopp>
                                        </csntyp:Beloppen>
                                        <csntyp:totbelopp>996</csntyp:totbelopp>
                                    </csntyp:Utbetaldtid>
                                </csntyp:Utbetaldatider>
                                <csntyp:totbelopp>996</csntyp:totbelopp>
                            </csnsm:Utbetalning>
                            <csnsm:Utbetalning>
                                <csntyp:utbetdatum>20100423</csntyp:utbetdatum>
                                <csntyp:utbetstatus>Planerad</csntyp:utbetstatus>
                                <csntyp:Utbetaldatider>
                                    <csntyp:Utbetaldtid>
                                        <csntyp:startvecka>201017</csntyp:startvecka>
                                        <csntyp:slutvecka>201020</csntyp:slutvecka>
                                        <csntyp:Beloppen>
                                            <csntyp:Belopp>
                                                <csntyp:beloppstyp>TILB</csntyp:beloppstyp>
                                                <csntyp:klartext>Tilläggsbidrag</csntyp:klartext>
                                                <csntyp:belopp>249</csntyp:belopp>
                                                <csntyp:totbelopp>996</csntyp:totbelopp>
                                            </csntyp:Belopp>
                                        </csntyp:Beloppen>
                                        <csntyp:totbelopp>996</csntyp:totbelopp>
                                    </csntyp:Utbetaldtid>
                                </csntyp:Utbetaldatider>
                                <csntyp:totbelopp>996</csntyp:totbelopp>
                            </csnsm:Utbetalning>
                            <csnsm:Utbetalning>
                                <csntyp:utbetdatum>20100525</csntyp:utbetdatum>
                                <csntyp:utbetstatus>Planerad</csntyp:utbetstatus>
                                <csntyp:Utbetaldatider>
                                    <csntyp:Utbetaldtid>
                                        <csntyp:startvecka>201021</csntyp:startvecka>
                                        <csntyp:slutvecka>201022</csntyp:slutvecka>
                                        <csntyp:Beloppen>
                                            <csntyp:Belopp>
                                                <csntyp:beloppstyp>TILB</csntyp:beloppstyp>
                                                <csntyp:klartext>Tilläggsbidrag</csntyp:klartext>
                                                <csntyp:belopp>249</csntyp:belopp>
                                                <csntyp:totbelopp>498</csntyp:totbelopp>
                                            </csntyp:Belopp>
                                        </csntyp:Beloppen>
                                        <csntyp:totbelopp>498</csntyp:totbelopp>
                                    </csntyp:Utbetaldtid>
                                </csntyp:Utbetaldatider>
                                <csntyp:totbelopp>498</csntyp:totbelopp>
                            </csnsm:Utbetalning>
                        </csnsm:UtbetalningsPlan>
                    </csnper:Arende>
                </csnper:Arenden>
            </csnper:Studiemedel>
        </csn:Person>
</csn:CSNSvar>
